year,tournament_name,player_name,player_team_name,player_team_code,player_id,goals,rank,player_wikipedia_link,posição,wikipedia_profile_link
1930,1930 FIFA Men's World Cup,Guillermo Stábile,Argentina,ARG,P-56486,8,1,https://en.wikipedia.org/wiki/Guillermo_St%C3%A1bile,Atacante,https://upload.wikimedia.org/wikipedia/commons/5/51/Guillermo_stabile_hincado.jpg
1930,1930 FIFA Men's World Cup,Pedro Cea,Uruguay,URY,P-18628,5,2,https://en.wikipedia.org/wiki/Pedro_Cea,Atacante,https://upload.wikimedia.org/wikipedia/commons/0/0d/Pedro_Cea_%281928%29.jpg
1930,1930 FIFA Men's World Cup,Bert Patenaude,United States,USA,P-71973,4,3,https://en.wikipedia.org/wiki/Bert_Patenaude,Atacante,https://upload.wikimedia.org/wikipedia/en/c/cd/Bert_Patenaude.jpg
1930,1930 FIFA Men's World Cup,Carlos Peucelle,Argentina,ARG,P-70166,3,4,https://en.wikipedia.org/wiki/Carlos_Peucelle,Atacante,https://upload.wikimedia.org/wikipedia/commons/7/77/Peucelle_1929.jpg
1930,1930 FIFA Men's World Cup,Ivan Bek,Serbia,YUG,P-43734,3,5,https://en.wikipedia.org/wiki/Ivan_Bek,Atacante,https://upload.wikimedia.org/wikipedia/commons/f/f4/Ivan_Bek_%281928%29.jpg
1934,1934 FIFA Men's World Cup,Oldřich Nejedlý,Czechoslovakia,CSK,P-60513,5,1,https://en.wikipedia.org/wiki/Old%C5%99ich_Nejedl%C3%BD,Atacante,https://upload.wikimedia.org/wikipedia/commons/5/55/Nejedly.JPG
1934,1934 FIFA Men's World Cup,Angelo Schiavio,Italy,ITA,P-56703,4,2,https://en.wikipedia.org/wiki/Angelo_Schiavio,Atacante,https://upload.wikimedia.org/wikipedia/commons/4/46/Angelo_Schiavio_-_1925_-_Bologna_FC.jpg
1934,1934 FIFA Men's World Cup,Edmund Conen,Germany,DEU,P-77348,4,3,https://en.wikipedia.org/wiki/Edmund_Conen,Atacante,https://cdn-img.staticzz.com/img/jogadores/40/64640_edmund_conen.jpg
1934,1934 FIFA Men's World Cup,Leopold Kielholz,Switzerland,CHE,P-88416,3,4,https://en.wikipedia.org/wiki/Leopold_Kielholz,Atacante,https://cdn-img.staticzz.com/img/jogadores/41/74541_leopold_kielholz.jpg
1934,1934 FIFA Men's World Cup,Raimundo Orsi,Italy,ITA,P-03638,3,5,https://en.wikipedia.org/wiki/Raimundo_Orsi,Atacante,https://upload.wikimedia.org/wikipedia/commons/d/dd/Raimundo_Orsi_Independiente.jpg
1938,1938 FIFA Men's World Cup,Leônidas,Brazil,BRA,P-09730,7,1,https://pt.wikipedia.org/wiki/Leônidas_da_Silva,Atacante,https://pt.wikipedia.org/wiki/Ficheiro:Leonidas_dasilva.jpg
1938,1938 FIFA Men's World Cup,Gyula Zsengellér,Hungary,HUN,P-67652,5,2,https://en.wikipedia.org/wiki/Gyula_Zsengell%C3%A9r,Atacante,https://upload.wikimedia.org/wikipedia/commons/8/82/Zsengeller-Gyula.jpg
1938,1938 FIFA Men's World Cup,György Sárosi,Hungary,HUN,P-89034,5,3,https://en.wikipedia.org/wiki/Gy%C3%B6rgy_S%C3%A1rosi,Atacante,https://upload.wikimedia.org/wikipedia/commons/5/56/Sarosi_Gyorgy.jpg
1938,1938 FIFA Men's World Cup,Silvio Piola,Italy,ITA,P-65885,5,4,https://en.wikipedia.org/wiki/Silvio_Piola,Atacante,https://upload.wikimedia.org/wikipedia/commons/9/9b/Silvio_Piola_%28Pro_Vercelli%29.jpg
1938,1938 FIFA Men's World Cup,Ernst Wilimowski,Poland,POL,P-13828,4,5,https://en.wikipedia.org/wiki/Ernst_Wilimowski,Atacante,https://upload.wikimedia.org/wikipedia/commons/b/bf/Mecz_Warta_Ruch_1937.jpg
1950,1950 FIFA Men's World Cup,Ademir,Brazil,BRA,P-49381,9,1,https://en.wikipedia.org/wiki/Ademir_Marques_de_Menezes,Atacante,https://upload.wikimedia.org/wikipedia/commons/4/4a/Ademir_de_Menezes.jpg
1950,1950 FIFA Men's World Cup,Oscar Míguez,Uruguay,URY,P-18523,5,2,https://en.wikipedia.org/wiki/Oscar_M%C3%ADguez,Atacante,https://upload.wikimedia.org/wikipedia/en/3/39/%C3%93scar_M%C3%ADguez.jpg
1950,1950 FIFA Men's World Cup,Alcides Ghiggia,Uruguay,URY,P-16302,4,3,https://en.wikipedia.org/wiki/Alcides_Ghiggia,Atacante,https://upload.wikimedia.org/wikipedia/commons/7/72/AS_Roma_-_Alcides_Ghiggia.jpg
1950,1950 FIFA Men's World Cup,Estanislau Basora,Spain,ESP,P-26928,4,4,https://en.wikipedia.org/wiki/Estanislau_Basora,Atacante,https://upload.wikimedia.org/wikipedia/en/9/9b/Estanislau_Basora.jpg
1950,1950 FIFA Men's World Cup,Telmo Zarra,Spain,ESP,P-65220,4,5,https://en.wikipedia.org/wiki/Telmo_Zarra,Atacante,https://upload.wikimedia.org/wikipedia/commons/0/0b/Telmo_Zarra%2C_Estadio%2C_1950-07-29_%28376%29.jpg
1954,1954 FIFA Men's World Cup,Sándor Kocsis,Hungary,HUN,P-07028,11,1,https://en.wikipedia.org/wiki/S%C3%A1ndor_Kocsis,Atacante,https://upload.wikimedia.org/wikipedia/commons/6/69/Kocsis_S%C3%A1ndor_Fortepan_261526.jpg
1954,1954 FIFA Men's World Cup,Erich Probst,Austria,AUT,P-85257,6,2,https://en.wikipedia.org/wiki/Erich_Probst,Meio-campista,https://cdn-img.staticzz.com/img/jogadores/40/22140_pri_erich_probst.jpg
1954,1954 FIFA Men's World Cup,Josef Hügi,Switzerland,CHE,P-14406,6,3,https://en.wikipedia.org/wiki/Josef_H%C3%BCgi,Atacante,https://cdn-img.staticzz.com/img/jogadores/18/288218_josef_hugi.jpg
1954,1954 FIFA Men's World Cup,Max Morlock,Germany,DEU,P-05766,6,4,https://en.wikipedia.org/wiki/Max_Morlock,Atacante,https://upload.wikimedia.org/wikipedia/commons/4/44/Valznerweiher_1961.jpg
1954,1954 FIFA Men's World Cup,Carlos Borges,Uruguay,URY,P-90496,4,5,https://en.wikipedia.org/wiki/Carlos_Borges,Atacante,https://www.auf.org.uy/imagenes/img_contenido/seleccion_jugador/a/carlos_borges_.jpg
1958,1958 FIFA Men's World Cup,Just Fontaine,France,FRA,P-77939,13,1,https://en.wikipedia.org/wiki/Just_Fontaine,Atacante,https://upload.wikimedia.org/wikipedia/commons/b/bd/23.05.66_Just_Fontaine_dans_son_magasin_%281966%29_-_53Fi634_%28Cropped%29.jpg
1958,1958 FIFA Men's World Cup,Helmut Rahn,Germany,DEU,P-08136,6,2,https://en.wikipedia.org/wiki/Helmut_Rahn,Atacante,https://upload.wikimedia.org/wikipedia/commons/4/4b/Helmut_Rahn.jpg
1958,1958 FIFA Men's World Cup,Pelé,Brazil,BRA,P-38906,6,3,https://en.wikipedia.org/wiki/Pel%C3%A9,Atacante,https://upload.wikimedia.org/wikipedia/commons/5/5e/Pele_con_brasil_%28cropped%29.jpg
1958,1958 FIFA Men's World Cup,Peter McParland,Northern Ireland,NIR,P-77851,5,4,https://en.wikipedia.org/wiki/Peter_McParland,Atacante,https://upload.wikimedia.org/wikipedia/commons/1/1a/Peter_McParland_Villa_Park_16-3-2013.jpg
1958,1958 FIFA Men's World Cup,Vavá,Brazil,BRA,P-45310,5,5,https://en.wikipedia.org/wiki/Vav%C3%A1,Atacante,https://upload.wikimedia.org/wikipedia/commons/e/ec/Vav%C3%A1_en_1962.jpg
1962,1962 FIFA Men's World Cup,Dražan Jerković,Serbia,YUG,P-55024,4,1,https://en.wikipedia.org/wiki/Dra%C5%BEan_Jerkovi%C4%87,Atacante,https://upload.wikimedia.org/wikipedia/commons/f/ff/Drazan_Jerkovic.JPG
1962,1962 FIFA Men's World Cup,Flórián Albert,Hungary,HUN,P-21188,4,2,"https://en.wikipedia.org/wiki/Fl%C3%B3ri%C3%A1n_Albert,_Sr.",Meio-campista,https://upload.wikimedia.org/wikipedia/commons/7/7e/Fl%C3%B3ri%C3%A1n_Albert_cropped.jpg
1962,1962 FIFA Men's World Cup,Leonel Sánchez,Chile,CHL,P-22224,4,3,https://en.wikipedia.org/wiki/Leonel_S%C3%A1nchez,Meio-campista,https://upload.wikimedia.org/wikipedia/commons/d/d5/Leonel_S%C3%A1nchez_%282%29_%28cropped%29.jpg
1962,1962 FIFA Men's World Cup,Valentin Ivanov,Russia,SUN,P-11702,4,4,https://en.wikipedia.org/wiki/Valentin_Kozmich_Ivanov,Atacante,https://upload.wikimedia.org/wikipedia/commons/0/08/Valentin_Kozmich_Ivanov.jpg
1962,1962 FIFA Men's World Cup,Garrincha,Brazil,BRA,P-46080,4,5,https://en.wikipedia.org/wiki/Garrincha,Atacante,https://upload.wikimedia.org/wikipedia/commons/e/eb/MFdSantos-Garrincha.jpg
1966,1966 FIFA Men's World Cup,Eusébio,Portugal,PRT,P-74747,9,1,https://en.wikipedia.org/wiki/Eus%C3%A9bio,Atacante,https://upload.wikimedia.org/wikipedia/commons/5/55/Eusebio_en_1973.jpg
1966,1966 FIFA Men's World Cup,Helmut Haller,Germany,DEU,P-12272,6,2,https://en.wikipedia.org/wiki/Helmut_Haller,Atacante,https://upload.wikimedia.org/wikipedia/commons/0/02/1969_Juventus_FC_-_Helmut_Haller.jpg
1966,1966 FIFA Men's World Cup,Ferenc Bene,Hungary,HUN,P-82516,4,3,https://en.wikipedia.org/wiki/Ferenc_Bene,Atacante,https://upload.wikimedia.org/wikipedia/commons/3/31/Gyula_Guly%C3%A1s_sports_reporter_with_Fl%C3%B3ri%C3%A1n_Albert%2C_Ferenc_Bene_and_J%C3%A1nos_Farkas_footballers_%28cropped%29.jpg
1966,1966 FIFA Men's World Cup,Franz Beckenbauer,Germany,DEU,P-72864,4,4,https://en.wikipedia.org/wiki/Franz_Beckenbauer,Defensor,https://upload.wikimedia.org/wikipedia/commons/5/56/Franz_Beckenbauer_%281975%29.jpg
1966,1966 FIFA Men's World Cup,Geoff Hurst,England,ENG,P-34802,4,5,https://en.wikipedia.org/wiki/Geoff_Hurst,Atacante,https://upload.wikimedia.org/wikipedia/commons/8/8c/Geoff_Hurst_%282%29.jpg
1970,1970 FIFA Men's World Cup,Gerd Müller,Germany,DEU,P-72441,10,1,https://en.wikipedia.org/wiki/Gerd_M%C3%BCller,Atacante,https://upload.wikimedia.org/wikipedia/commons/9/9a/Gerd_M%C3%BCller_c1973_%28cropped%29.jpg
1970,1970 FIFA Men's World Cup,Jairzinho,Brazil,BRA,P-77430,7,2,https://en.wikipedia.org/wiki/Jairzinho,Meio-campista,https://upload.wikimedia.org/wikipedia/commons/8/8f/Jairzinho_1970s.jpg
1970,1970 FIFA Men's World Cup,Teófilo Cubillas,Peru,PER,P-96979,5,3,https://en.wikipedia.org/wiki/Te%C3%B3filo_Cubillas,Meio-campista,https://upload.wikimedia.org/wikipedia/commons/0/0b/Te%C3%B3filo_Cubillas_1978.jpg
1970,1970 FIFA Men's World Cup,Anatoliy Byshovets,Russia,SUN,P-02102,4,4,https://en.wikipedia.org/wiki/Anatoliy_Byshovets,Atacante,https://upload.wikimedia.org/wikipedia/commons/3/30/Anatoliy_Byshovets_Panini_1970.jpg
1970,1970 FIFA Men's World Cup,Pelé,Brazil,BRA,P-38906,4,5,https://en.wikipedia.org/wiki/Pel%C3%A9,Atacante,https://upload.wikimedia.org/wikipedia/commons/5/5e/Pele_con_brasil_%28cropped%29.jpg
1974,1974 FIFA Men's World Cup,Grzegorz Lato,Poland,POL,P-21597,7,1,https://en.wikipedia.org/wiki/Grzegorz_Lato,Atacante,https://upload.wikimedia.org/wikipedia/commons/3/3f/V.l.n.r._Lato%2C_Boniek_en_trainer_Kulesza%2C_Bestanddeelnr_930-4929_%28Lato_cropped%29.jpg
1974,1974 FIFA Men's World Cup,Andrzej Szarmach,Poland,POL,P-92867,5,2,https://en.wikipedia.org/wiki/Andrzej_Szarmach,Atacante,https://upload.wikimedia.org/wikipedia/commons/b/b1/Andrzej_Szarmach_2017.jpg
1974,1974 FIFA Men's World Cup,Johan Neeskens,Netherlands,NLD,P-16991,5,3,https://en.wikipedia.org/wiki/Johan_Neeskens,Meio-campista,https://upload.wikimedia.org/wikipedia/commons/7/7b/Johan_Neeskens_1974.jpg
1974,1974 FIFA Men's World Cup,Gerd Müller,Germany,DEU,P-72441,4,4,https://en.wikipedia.org/wiki/Gerd_M%C3%BCller,Atacante,https://upload.wikimedia.org/wikipedia/commons/9/9a/Gerd_M%C3%BCller_c1973_%28cropped%29.jpg
1974,1974 FIFA Men's World Cup,Johnny Rep,Netherlands,NLD,P-89554,4,5,https://en.wikipedia.org/wiki/Johnny_Rep,Atacante,https://upload.wikimedia.org/wikipedia/commons/5/58/Johnny_Rep_1974.jpg
1978,1978 FIFA Men's World Cup,Mario Kempes,Argentina,ARG,P-35082,6,1,https://en.wikipedia.org/wiki/Mario_Kempes,Atacante,https://upload.wikimedia.org/wikipedia/commons/6/6d/Kempes_Valencia_CF.jpg
1978,1978 FIFA Men's World Cup,Rob Rensenbrink,Netherlands,NLD,P-63266,5,2,https://en.wikipedia.org/wiki/Rob_Rensenbrink,Atacante,https://upload.wikimedia.org/wikipedia/commons/a/aa/Rob_Rensenbrink_%281978%29.jpg
1978,1978 FIFA Men's World Cup,Teófilo Cubillas,Peru,PER,P-96979,5,3,https://en.wikipedia.org/wiki/Te%C3%B3filo_Cubillas,Meio-campista,https://upload.wikimedia.org/wikipedia/commons/0/0b/Te%C3%B3filo_Cubillas_1978.jpg
1978,1978 FIFA Men's World Cup,Hans Krankl,Austria,AUT,P-52271,4,4,https://en.wikipedia.org/wiki/Hans_Krankl,Atacante,https://upload.wikimedia.org/wikipedia/commons/6/6b/FC_Red_Bull_Salzburg_vs._SK_Rapid_Wien_%282022-09-18%29_17a.jpg
1978,1978 FIFA Men's World Cup,Leopoldo Luque,Argentina,ARG,P-26640,4,5,https://en.wikipedia.org/wiki/Leopoldo_Luque,Atacante,https://upload.wikimedia.org/wikipedia/commons/5/5c/Leopoldo_Luque_1978.jpg
1982,1982 FIFA Men's World Cup,Paolo Rossi,Italy,ITA,P-91717,6,1,https://en.wikipedia.org/wiki/Paolo_Rossi,Atacante,https://upload.wikimedia.org/wikipedia/commons/b/b7/Paolo_Rossi_at_the_1982_FIFA_World_Cup_%28cropped%29.jpg
1982,1982 FIFA Men's World Cup,Karl-Heinz Rummenigge,Germany,DEU,P-59574,5,2,https://en.wikipedia.org/wiki/Karl-Heinz_Rummenigge,Atacante,https://upload.wikimedia.org/wikipedia/commons/f/fc/2015-02-06_Rummenigge_0370_%28cropped%29.JPG
1982,1982 FIFA Men's World Cup,Zbigniew Boniek,Poland,POL,P-03652,4,3,https://en.wikipedia.org/wiki/Zbigniew_Boniek,Meio-campista,https://upload.wikimedia.org/wikipedia/commons/6/64/Zbigniew_Boniek_2015.jpg
1982,1982 FIFA Men's World Cup,Zico,Brazil,BRA,P-37483,4,4,https://en.wikipedia.org/wiki/Zico_(footballer),Meio-campista,https://upload.wikimedia.org/wikipedia/commons/e/e3/Zico_2012_3.jpg
1982,1982 FIFA Men's World Cup,Alain Giresse,France,FRA,P-79617,3,5,https://en.wikipedia.org/wiki/Alain_Giresse,Meio-campista,https://upload.wikimedia.org/wikipedia/commons/a/a6/Alain_Giresse.jpg
1986,1986 FIFA Men's World Cup,Gary Lineker,England,ENG,P-36651,6,1,https://en.wikipedia.org/wiki/Gary_Lineker,Atacante,https://upload.wikimedia.org/wikipedia/commons/c/c1/Prime_Minister_Keir_Starmer_hosts_St_George%27s_Day_Reception_%2854470857860%29_%28cropped%29.jpg
1986,1986 FIFA Men's World Cup,Diego Maradona,Argentina,ARG,P-80404,5,2,https://en.wikipedia.org/wiki/Diego_Maradona,Meio-campista,https://upload.wikimedia.org/wikipedia/commons/4/48/Argentina_celebrando_copa_%28cropped%29.jpg
1986,1986 FIFA Men's World Cup,Emilio Butragueño,Spain,ESP,P-12940,5,3,https://en.wikipedia.org/wiki/Emilio_Butrague%C3%B1o,Atacante,https://upload.wikimedia.org/wikipedia/commons/8/8d/25th_Laureus_World_Sports_Awards_-_Red_Carpet_-_Emilio_Butrague%C3%B1o_-_240422_191751-2_%28cropped%29.jpg
1986,1986 FIFA Men's World Cup,Careca,Brazil,BRA,P-90635,5,4,https://en.wikipedia.org/wiki/Careca,Atacante,https://upload.wikimedia.org/wikipedia/commons/7/7a/Antonio_de_Oliveira_Filho_%28Careca%29_01.jpg
1986,1986 FIFA Men's World Cup,Alessandro Altobelli,Italy,ITA,P-46574,4,5,https://en.wikipedia.org/wiki/Alessandro_Altobelli,Atacante,https://upload.wikimedia.org/wikipedia/commons/f/f3/Alessandro_altobelli.jpg
1990,1990 FIFA Men's World Cup,Salvatore Schillaci,Italy,ITA,P-76544,6,1,https://en.wikipedia.org/wiki/Salvatore_Schillaci,Atacante,https://upload.wikimedia.org/wikipedia/commons/1/10/Salvatore_Schillaci.jpg
1990,1990 FIFA Men's World Cup,Tomáš Skuhravý,Czechoslovakia,CSK,P-71260,5,2,https://en.wikipedia.org/wiki/Tom%C3%A1%C5%A1_Skuhrav%C3%BD,Atacante,https://upload.wikimedia.org/wikipedia/commons/d/d1/Tomas_Skuhravy_2008.jpg
1990,1990 FIFA Men's World Cup,Gary Lineker,England,ENG,P-36651,4,3,https://en.wikipedia.org/wiki/Gary_Lineker,Atacante,https://upload.wikimedia.org/wikipedia/commons/c/c1/Prime_Minister_Keir_Starmer_hosts_St_George%27s_Day_Reception_%2854470857860%29_%28cropped%29.jpg
1990,1990 FIFA Men's World Cup,Lothar Matthäus,Germany,DEU,P-49502,4,4,https://en.wikipedia.org/wiki/Lothar_Matth%C3%A4us,Defensor,https://upload.wikimedia.org/wikipedia/commons/8/84/2019_Lothar_Matth%C3%A4us.jpg
1990,1990 FIFA Men's World Cup,Roger Milla,Cameroon,CMR,P-58080,4,5,https://en.wikipedia.org/wiki/Roger_Milla,Atacante,https://upload.wikimedia.org/wikipedia/commons/9/9a/Milla2008cropped.jpg
1994,1994 FIFA Men's World Cup,Hristo Stoichkov,Bulgaria,BGR,P-81648,6,1,https://en.wikipedia.org/wiki/Hristo_Stoichkov,Atacante,https://upload.wikimedia.org/wikipedia/commons/f/f3/Stoichkov_in_2016.jpg
1994,1994 FIFA Men's World Cup,Oleg Salenko,Russia,RUS,P-73354,6,2,https://en.wikipedia.org/wiki/Oleg_Salenko,Atacante,https://upload.wikimedia.org/wikipedia/commons/d/d3/O.Salenko.JPG
1994,1994 FIFA Men's World Cup,Jürgen Klinsmann,Germany,DEU,P-91373,5,3,https://en.wikipedia.org/wiki/J%C3%BCrgen_Klinsmann,Atacante,https://upload.wikimedia.org/wikipedia/commons/a/af/J%C3%BCrgen_Klinsmann_14021113000678638425063004371092_64131.jpg
1994,1994 FIFA Men's World Cup,Kennet Andersson,Sweden,SWE,P-60371,5,4,https://en.wikipedia.org/wiki/Kennet_Andersson,Atacante,https://upload.wikimedia.org/wikipedia/commons/b/b9/Kennet_Andersson_in_Jan_2014.jpg
1994,1994 FIFA Men's World Cup,Roberto Baggio,Italy,ITA,P-78756,5,5,https://en.wikipedia.org/wiki/Roberto_Baggio,Atacante,https://upload.wikimedia.org/wikipedia/commons/4/4e/%D8%B1%D9%88%D8%A8%D8%B1%D8%AA%D9%88_%D8%A8%D8%A7%D8%AC%D9%88_%28cropped%29.jpg
1998,1998 FIFA Men's World Cup,Davor Šuker,Croatia,HRV,P-58374,6,1,https://en.wikipedia.org/wiki/Davor_%C5%A0uker,Atacante,https://upload.wikimedia.org/wikipedia/commons/a/af/XVIII_%D0%9A%D0%BE%D0%BD%D0%B3%D1%80%D0%B5%D1%81%D1%81_%D0%A4%D0%A4%D0%A3._11_%D0%BC%D0%B0%D1%80%D1%82%D0%B0_2016_%D0%B3%D0%BE%D0%B4%D0%B0_%E2%80%94_672209_%28cropped%29.jpg
1998,1998 FIFA Men's World Cup,Christian Vieri,Italy,ITA,P-34670,5,2,https://en.wikipedia.org/wiki/Christian_Vieri,Atacante,https://upload.wikimedia.org/wikipedia/commons/4/42/Christian_Vieri_%28cropped%29.jpg
1998,1998 FIFA Men's World Cup,Gabriel Batistuta,Argentina,ARG,P-84542,5,3,https://en.wikipedia.org/wiki/Gabriel_Batistuta,Atacante,https://upload.wikimedia.org/wikipedia/commons/1/13/Omar_Batistuta_%282%29.jpg
1998,1998 FIFA Men's World Cup,Luis Hernández,Mexico,MEX,P-45941,4,4,"https://en.wikipedia.org/wiki/Luis_Hern%C3%A1ndez_(footballer,_born_1968)",Atacante,https://upload.wikimedia.org/wikipedia/commons/c/c4/Luis_Matador_Hernandez.jpg
1998,1998 FIFA Men's World Cup,Marcelo Salas,Chile,CHL,P-39251,4,5,https://en.wikipedia.org/wiki/Marcelo_Salas,Atacante,https://upload.wikimedia.org/wikipedia/commons/6/61/Marcelo_Salas_2015.jpg
2002,2002 FIFA Men's World Cup,Ronaldo,Brazil,BRA,P-62722,8,1,https://en.wikipedia.org/wiki/Ronaldo_(Brazilian_footballer),Atacante,https://upload.wikimedia.org/wikipedia/commons/7/78/Ronaldo_Lu%C3%ADs_Naz%C3%A1rio_de_Lima_2019_%283x4_cropped%29.jpg
2002,2002 FIFA Men's World Cup,Miroslav Klose,Germany,DEU,P-27787,5,2,https://en.wikipedia.org/wiki/Miroslav_Klose,Atacante,https://upload.wikimedia.org/wikipedia/commons/8/8c/2016209185719_2016-07-27_Champions_for_Charity_-_Sven_-_1D_X_-_0149_-_DV3P4742_mod.jpg
2002,2002 FIFA Men's World Cup,Rivaldo,Brazil,BRA,P-74261,5,3,https://en.wikipedia.org/wiki/Rivaldo,Meio-campista,https://upload.wikimedia.org/wikipedia/commons/b/b4/Rivaldo_bunyodkor_2010.jpg
2002,2002 FIFA Men's World Cup,Christian Vieri,Italy,ITA,P-34670,4,4,https://en.wikipedia.org/wiki/Christian_Vieri,Atacante,https://upload.wikimedia.org/wikipedia/commons/4/42/Christian_Vieri_%28cropped%29.jpg
2002,2002 FIFA Men's World Cup,Jon Dahl Tomasson,Denmark,DNK,P-50534,4,5,https://en.wikipedia.org/wiki/Jon_Dahl_Tomasson,Atacante,https://upload.wikimedia.org/wikipedia/commons/e/e6/Dahl_Thomasson_2021_%28cropped%29.jpg
2006,2006 FIFA Men's World Cup,Miroslav Klose,Germany,DEU,P-27787,5,1,https://en.wikipedia.org/wiki/Miroslav_Klose,Atacante,https://upload.wikimedia.org/wikipedia/commons/8/8c/2016209185719_2016-07-27_Champions_for_Charity_-_Sven_-_1D_X_-_0149_-_DV3P4742_mod.jpg
2006,2006 FIFA Men's World Cup,David Villa,Spain,ESP,P-49097,3,2,https://en.wikipedia.org/wiki/David_Villa,Atacante,https://upload.wikimedia.org/wikipedia/commons/a/a4/Spain-Tahiti%2C_Confederations_Cup_2013_%2802%29_%28Villa_crop%29.jpg
2006,2006 FIFA Men's World Cup,Fernando Torres,Spain,ESP,P-71661,3,3,https://en.wikipedia.org/wiki/Fernando_Torres,Atacante,https://upload.wikimedia.org/wikipedia/commons/5/57/Fernando_Torres_2017.jpg
2006,2006 FIFA Men's World Cup,Hernán Crespo,Argentina,ARG,P-19888,3,4,https://en.wikipedia.org/wiki/Hern%C3%A1n_Crespo,Atacante,https://upload.wikimedia.org/wikipedia/commons/9/9f/Chelsea_Legends_1_Inter_Forever_4_%2827457022797%29.jpg
2006,2006 FIFA Men's World Cup,Lukas Podolski,Germany,DEU,P-36287,3,5,https://en.wikipedia.org/wiki/Lukas_Podolski,Meio-campista,https://upload.wikimedia.org/wikipedia/commons/7/7d/Lukas_Podolski_2023.jpg
2010,2010 FIFA Men's World Cup,David Villa,Spain,ESP,P-49097,5,1,https://en.wikipedia.org/wiki/David_Villa,Atacante,https://upload.wikimedia.org/wikipedia/commons/a/a4/Spain-Tahiti%2C_Confederations_Cup_2013_%2802%29_%28Villa_crop%29.jpg
2010,2010 FIFA Men's World Cup,Diego Forlán,Uruguay,URY,P-86087,5,2,https://en.wikipedia.org/wiki/Diego_Forl%C3%A1n,Atacante,https://upload.wikimedia.org/wikipedia/commons/f/f3/U10_Diego_Forl%C3%A1n_7524.jpg
2010,2010 FIFA Men's World Cup,Thomas Müller,Germany,DEU,P-28154,5,3,https://en.wikipedia.org/wiki/Thomas_M%C3%BCller,Meio-campista,https://upload.wikimedia.org/wikipedia/commons/a/aa/FC_Red_Bull_Salzburg_gegen_Bayern_M%C3%BCnchen_%282025-01-06_Testspiel%29_19.jpg
2010,2010 FIFA Men's World Cup,Wesley Sneijder,Netherlands,NLD,P-51336,5,4,https://en.wikipedia.org/wiki/Wesley_Sneijder,Meio-campista,https://upload.wikimedia.org/wikipedia/commons/4/42/Wesley_Sneijder_%2815487233555%29_%28cropped%29.jpg
2010,2010 FIFA Men's World Cup,Gonzalo Higuaín,Argentina,ARG,P-29398,4,5,https://en.wikipedia.org/wiki/Gonzalo_Higua%C3%ADn,Atacante,https://upload.wikimedia.org/wikipedia/commons/7/72/Gonzalo_Higua%C3%ADn_2019.jpg
2014,2014 FIFA Men's World Cup,James Rodríguez,Colombia,COL,P-89392,6,1,https://en.wikipedia.org/wiki/James_Rodr%C3%ADguez,Meio-campista,https://upload.wikimedia.org/wikipedia/commons/7/79/James_Rodriguez_2018.jpg
2014,2014 FIFA Men's World Cup,Thomas Müller,Germany,DEU,P-28154,5,2,https://en.wikipedia.org/wiki/Thomas_M%C3%BCller,Meio-campista,https://upload.wikimedia.org/wikipedia/commons/a/aa/FC_Red_Bull_Salzburg_gegen_Bayern_M%C3%BCnchen_%282025-01-06_Testspiel%29_19.jpg
2014,2014 FIFA Men's World Cup,Lionel Messi,Argentina,ARG,P-14758,4,3,https://en.wikipedia.org/wiki/Lionel_Messi,Atacante,https://upload.wikimedia.org/wikipedia/commons/2/27/Lionel_Messi_NE_Revolution_Inter_Miami_7.9.25-178.jpg
2014,2014 FIFA Men's World Cup,Robin van Persie,Netherlands,NLD,P-99934,4,4,https://en.wikipedia.org/wiki/Robin_van_Persie,Atacante,https://upload.wikimedia.org/wikipedia/commons/6/65/Loco-Fener_%2810%29.jpg
2014,2014 FIFA Men's World Cup,Neymar,Brazil,BRA,P-87008,4,5,https://en.wikipedia.org/wiki/Neymar,Atacante,https://upload.wikimedia.org/wikipedia/commons/b/bb/Neymar_Jr._with_Al_Hilal%2C_3_October_2023_-_03_%28cropped%29.jpg
2018,2018 FIFA Men's World Cup,Harry Kane,England,ENG,P-58924,6,1,https://en.wikipedia.org/wiki/Harry_Kane,Atacante,https://upload.wikimedia.org/wikipedia/commons/9/91/Harry_Kane_on_October_10%2C_2023.jpg
2018,2018 FIFA Men's World Cup,Antoine Griezmann,France,FRA,P-90908,4,2,https://en.wikipedia.org/wiki/Antoine_Griezmann,Atacante,https://upload.wikimedia.org/wikipedia/commons/6/6e/FRA-ARG_%2810%29_%28cropped%29.jpg
2018,2018 FIFA Men's World Cup,Cristiano Ronaldo,Portugal,PRT,P-70442,4,3,https://en.wikipedia.org/wiki/Cristiano_Ronaldo,Atacante,https://upload.wikimedia.org/wikipedia/commons/6/67/Cristiano_Ronaldo_2275_%28cropped%29.jpg
2018,2018 FIFA Men's World Cup,Denis Cheryshev,Russia,RUS,P-43675,4,4,https://en.wikipedia.org/wiki/Denis_Cheryshev,Meio-campista,https://upload.wikimedia.org/wikipedia/commons/4/48/Denis_Cheryshev_2019.jpg
2018,2018 FIFA Men's World Cup,Kylian Mbappé,France,FRA,P-64077,4,5,https://en.wikipedia.org/wiki/Kylian_Mbapp%C3%A9,Atacante,https://upload.wikimedia.org/wikipedia/commons/6/66/Picture_with_Mbapp%C3%A9_%28cropped_and_rotated%29.jpg
2022,2022 FIFA Men's World Cup,Kylian Mbappé,France,FRA,P-64077,8,1,https://en.wikipedia.org/wiki/Kylian_Mbapp%C3%A9,Atacante,https://upload.wikimedia.org/wikipedia/commons/6/66/Picture_with_Mbapp%C3%A9_%28cropped_and_rotated%29.jpg
2022,2022 FIFA Men's World Cup,Lionel Messi,Argentina,ARG,P-14758,7,2,https://en.wikipedia.org/wiki/Lionel_Messi,Atacante,https://upload.wikimedia.org/wikipedia/commons/2/27/Lionel_Messi_NE_Revolution_Inter_Miami_7.9.25-178.jpg
2022,2022 FIFA Men's World Cup,Julián Álvarez,Argentina,ARG,P-19776,4,3,https://en.wikipedia.org/wiki/Juli%C3%A1n_%C3%81lvarez_(footballer),Atacante,https://upload.wikimedia.org/wikipedia/commons/0/03/Argentina_national_football_team_-_2_-_2022_%28Juli%C3%A1n_%C3%81lvarez%29.jpg
2022,2022 FIFA Men's World Cup,Olivier Giroud,France,FRA,P-89750,4,4,https://en.wikipedia.org/wiki/Olivier_Giroud,Atacante,https://upload.wikimedia.org/wikipedia/commons/9/96/Olivier_Giroud_December_2024.png
2022,2022 FIFA Men's World Cup,Bukayo Saka,England,ENG,P-76842,3,5,https://en.wikipedia.org/wiki/Bukayo_Saka,Atacante,https://upload.wikimedia.org/wikipedia/commons/c/cd/1_bukayo_saka_arsenal_2025_%28cropped%29.jpg
